{"cameraMode":{"drawMode":0,"name":"Shaded","section":"Shading Mode"},"sceneLighting":true,"audioPlay":false,"sceneViewState":{"m_AlwaysRefresh":false,"showFog":true,"showSkybox":true,"showFlares":true,"showImageEffects":true,"showParticleSystems":true,"showVisualEffectGraphs":true,"m_FxEnabled":true},"in2DMode":false,"pivot":{"x":-0.8333688974380493,"y":-2.505307674407959,"z":13.26978874206543},"rotation":{"x":-0.11555077135562897,"y":0.002082682913169265,"z":-0.0002420861565042287,"w":-0.99330073595047},"size":11.599325180053711,"orthographic":false}